age,gender,blood_pressure,glucose,bmi,heart_rate,smoking_status,family_history_diabetes,family_history_hypertension,family_history_heart_disease,risk_category
24,Female,135/80,65.0,27.7,96.0,never,0,1,0,Low
70,Male,151/83,156.6,33.2,86.0,current,1,0,0,High
62,Male,167/87,105.9,41.6,84.0,never,0,0,0,High
47,Male,118/78,89.6,26.9,78.0,never,0,0,0,Low
47,Female,119/76,94.2,24.3,83.0,former,1,0,1,Low
76,Male,150/90,115.7,32.7,70.0,former,1,0,1,High
23,Female,134/81,112.1,27.5,58.0,current,1,0,0,Low
65,Female,137/87,91.5,27.3,69.0,former,0,1,0,Medium
31,Male,100/69,91.7,21.7,77.0,never,0,0,0,Low
24,Female,99/73,110.6,36.0,64.0,never,0,0,1,Low
53,Male,143/89,110.0,30.0,76.0,current,0,0,0,Medium
84,Female,137/75,117.0,28.3,65.0,former,0,0,0,Medium
68,Male,150/73,168.6,34.1,92.0,current,1,0,0,Medium
69,Female,151/97,115.1,29.6,78.0,never,1,0,0,High
66,Male,157/90,131.0,28.7,83.0,current,1,1,0,High
71,Male,150/73,159.9,32.8,78.0,former,1,0,0,High
52,Female,140/77,141.3,22.6,69.0,never,1,1,1,Medium
26,Female,125/82,65.6,27.4,73.0,former,0,0,1,Low
75,Female,160/87,119.3,39.3,63.0,former,0,0,1,High
48,Male,139/78,127.1,30.1,52.0,never,0,1,0,Medium
52,Male,145/94,,26.7,72.0,never,1,1,0,Medium
43,Male,145/76,97.5,25.2,79.0,current,0,0,0,Low
30,Female,122/70,84.4,24.4,81.0,never,0,0,1,Low
81,Male,133/81,107.4,30.2,86.0,never,0,0,0,Low
71,Male,151/89,113.8,28.6,85.0,never,0,0,1,Medium
61,Female,129/82,107.3,33.4,63.0,never,0,0,0,Medium
45,Female,146/90,111.5,19.9,72.0,current,1,0,1,Medium
73,Male,161/91,118.8,,77.0,former,0,0,0,Medium
55,Female,136/84,88.5,27.0,94.0,never,0,0,0,Low
48,Male,157/86,136.7,29.7,91.0,current,1,1,0,Medium
48,Female,147/85,145.0,22.9,86.0,current,0,1,0,Medium
33,Male,134/81,93.8,32.5,69.0,never,1,0,0,Low
24,Female,123/78,101.6,31.2,70.0,current,0,0,0,Low
55,Female,141/88,95.5,33.0,79.0,never,0,0,0,Medium
78,Female,162/94,115.3,24.2,66.0,current,0,0,1,High
22,Male,126/77,93.0,29.1,69.0,former,0,1,0,Low
76,Female,158/83,154.7,32.6,71.0,former,1,1,0,High
74,Male,142/83,123.5,23.4,,never,0,1,1,High
36,Male,134/80,,26.7,73.0,current,0,1,0,Low
60,Female,133/81,128.2,30.8,50.0,never,0,1,0,Medium
29,Male,145/99,76.7,28.6,76.0,never,1,1,1,Medium
69,Female,166/87,164.7,30.9,65.0,never,1,0,1,High
65,Female,159/92,141.6,31.0,72.0,former,1,0,0,High
42,Male,112/80,125.4,34.0,72.0,never,0,0,1,Low
22,Female,135/81,72.7,30.9,75.0,current,0,0,0,Low
84,Male,159/105,84.3,18.7,76.0,former,0,0,0,Medium
48,Female,139/79,100.4,26.6,57.0,never,0,1,0,Low
78,Male,150/88,138.1,30.3,67.0,never,1,0,0,High
64,Female,109/66,126.6,21.7,76.0,never,1,0,1,Medium
70,Male,148/82,130.6,30.6,66.0,former,0,0,0,High
69,Male,143/85,86.1,35.7,64.0,current,0,0,1,Medium
31,Male,117/80,127.0,21.4,,never,1,0,0,Low
42,Other,133/82,99.0,28.9,87.0,current,0,1,0,Medium
49,Female,134/89,90.8,24.0,70.0,never,0,0,0,Low
51,Female,166/90,70.5,25.3,59.0,current,0,1,0,Medium
20,Female,116/71,104.3,,84.0,current,0,0,1,Low
55,Female,119/94,,26.3,56.0,former,0,0,0,Low
28,Female,93/68,104.5,28.1,74.0,former,0,0,0,Low
68,Male,156/83,70.9,21.6,67.0,current,0,1,0,Medium
64,Female,156/83,120.3,38.0,63.0,never,0,1,0,Medium
80,Female,134/73,117.0,33.9,68.0,never,0,0,1,High
68,Male,163/97,129.4,29.2,,never,0,1,0,High
42,Male,123/73,122.2,30.0,66.0,never,1,0,1,Medium
83,Female,150/86,120.5,25.2,76.0,former,1,1,0,High
45,Male,126/77,96.5,33.0,68.0,former,0,0,0,Low
40,Female,145/89,116.6,25.7,85.0,current,0,0,0,Low
79,Male,172/87,148.3,,74.0,never,1,1,0,High
43,Male,123/69,87.2,25.3,64.0,former,0,0,1,Low
23,Female,119/76,79.6,22.9,62.0,never,0,0,1,Low
49,Male,119/79,101.3,31.2,57.0,never,1,0,1,Low
72,Male,147/87,120.1,31.6,75.0,former,0,0,0,Medium
30,Female,147/79,88.3,29.1,74.0,current,1,1,0,Low
49,Female,141/87,113.7,28.1,50.0,former,0,1,0,Medium
26,Male,139/76,94.5,28.1,66.0,never,0,1,0,Low
64,Male,129/74,147.8,27.7,63.0,former,0,0,0,Medium
50,Female,146/77,94.9,38.2,88.0,never,0,0,0,Low
40,Female,134/89,84.0,20.1,60.0,current,0,0,0,Low
33,Female,90/69,132.7,32.2,59.0,former,0,0,1,Low
56,Male,155/91,158.7,35.0,83.0,never,1,0,0,High
63,Male,116/82,89.2,25.7,83.0,never,0,1,0,Low
81,Male,168/111,133.9,41.3,68.0,never,0,1,0,High
47,Male,169/80,130.5,32.4,72.0,current,1,1,0,High
28,Female,117/69,126.1,30.4,77.0,never,1,0,0,Low
74,Male,129/74,100.0,30.7,51.0,former,0,0,0,Low
60,Female,124/70,102.6,28.2,54.0,former,0,0,0,Medium
65,Female,152/79,103.0,28.8,69.0,former,1,0,1,High
24,Female,93/63,92.9,27.4,85.0,never,0,0,1,Low
39,Male,151/77,137.2,33.4,74.0,current,1,0,0,Medium
70,Female,144/86,132.5,31.0,73.0,never,1,0,0,Medium
74,Female,145/84,102.6,26.5,81.0,former,1,1,0,Medium
47,Female,126/80,122.2,31.6,,former,0,0,0,Medium
72,Male,153/90,123.8,34.5,67.0,former,0,1,0,High
75,Male,168/96,103.9,33.6,78.0,current,0,0,0,Medium
44,Female,139/79,97.4,31.0,88.0,never,0,0,0,Low
79,Male,128/93,111.2,29.9,58.0,never,1,0,0,High
37,Male,115/75,70.0,22.7,79.0,never,0,0,0,Low
34,Male,107/57,77.7,22.7,61.0,never,0,0,0,Low
64,Female,149/78,119.3,22.2,70.0,never,0,0,1,Medium
61,Female,139/69,121.1,30.4,69.0,never,1,1,0,Medium
27,Male,136/81,100.4,25.5,62.0,never,0,0,0,Low
74,Female,144/83,100.0,28.6,62.0,never,0,0,1,Medium
31,Male,97/64,81.4,16.0,,never,0,0,0,Low
72,Female,132/93,101.1,24.8,79.0,former,0,0,0,Medium
18,Female,106/74,107.7,30.0,70.0,former,0,0,1,Low
72,Male,127/83,97.6,27.4,71.0,never,0,0,0,Low
71,Male,163/84,84.9,31.9,77.0,never,0,1,0,Medium
71,Male,141/75,77.3,24.0,61.0,never,0,1,0,Low
63,Female,135/81,106.6,36.0,80.0,former,0,1,0,Medium
50,Female,126/78,77.4,27.6,78.0,never,0,0,0,Low
65,Female,120/62,117.2,31.0,95.0,never,0,0,0,Medium
36,Female,138/80,100.1,37.3,70.0,never,0,1,0,Medium
71,Male,139/82,163.2,37.1,69.0,never,0,0,0,High
55,Female,123/75,69.9,27.3,78.0,never,0,0,0,Low
49,Male,152/81,100.1,25.4,78.0,former,0,0,0,Low
52,Male,148/81,79.3,26.9,66.0,former,0,1,0,Medium
56,Female,140/81,98.0,31.1,68.0,former,0,0,1,Low
20,Female,106/71,87.8,24.7,75.0,former,0,1,0,Low
27,Male,123/80,70.0,24.1,63.0,former,1,1,0,Low
34,Female,129/86,106.3,33.2,69.0,never,0,0,0,Low
25,Female,119/73,122.0,25.2,71.0,former,0,1,0,Low
47,Female,149/82,105.5,38.2,83.0,never,0,0,0,Medium
63,Female,125/80,112.3,29.9,66.0,never,0,0,0,Low
62,Male,142/87,136.2,37.4,57.0,former,0,0,0,Medium
50,Male,142/80,125.0,29.8,54.0,never,1,1,1,Medium
76,Male,153/92,134.0,35.1,61.0,never,1,0,1,High
56,Female,125/84,65.0,25.5,59.0,former,0,0,0,Low
23,Female,116/83,93.7,21.7,74.0,current,0,0,0,Low
70,Male,151/98,111.4,32.3,67.0,current,0,0,0,Medium
57,Male,131/73,92.0,33.3,66.0,never,0,0,0,Low
61,Male,144/83,108.6,29.5,64.0,never,0,0,0,Medium
56,Female,133/80,85.0,23.0,66.0,former,0,0,1,Low
55,Female,144/83,85.1,22.6,82.0,never,0,1,1,Medium
24,Male,112/68,114.9,19.2,81.0,current,1,0,1,Low
56,Male,154/77,68.3,20.8,69.0,never,0,1,0,Low
72,Female,143/84,131.0,30.9,68.0,never,0,0,1,High
38,Male,140/77,101.8,32.1,68.0,never,1,1,0,Medium
58,Female,146/85,,28.9,80.0,current,0,0,0,Low
20,Male,125/71,107.7,16.0,73.0,never,0,0,0,Low
41,Male,125/69,115.3,26.4,62.0,never,0,1,1,Low
47,Female,138/83,125.0,27.2,71.0,never,1,0,0,Medium
84,Male,138/82,113.6,41.0,56.0,never,0,0,1,Medium
32,Male,133/84,73.1,19.8,71.0,never,0,1,0,Low
36,Male,156/103,92.6,25.0,77.0,former,0,1,1,High
45,Male,141/84,109.7,35.4,70.0,never,0,0,0,Low
85,Male,165/94,119.0,33.7,95.0,current,0,0,0,High
76,Male,167/84,116.4,33.3,70.0,current,0,1,1,High
20,Male,129/69,82.8,25.7,72.0,never,0,1,0,Low
33,Male,135/91,68.5,28.0,71.0,never,0,1,0,Low
73,Female,139/75,132.6,34.0,72.0,former,1,0,0,Medium
21,Female,122/68,97.9,21.7,68.0,never,0,1,0,Low
76,Male,154/87,119.4,34.8,74.0,never,1,0,0,Medium
37,Male,133/79,82.2,20.7,83.0,current,0,1,0,Low
80,Female,150/79,102.7,32.7,91.0,current,0,0,0,High
37,Female,123/74,122.4,27.7,71.0,former,1,1,1,Medium
47,Female,132/88,113.3,25.1,78.0,never,1,0,0,Low
63,Male,146/78,133.5,29.4,65.0,former,0,0,0,Medium
26,Male,132/69,119.1,23.0,77.0,former,1,1,0,Low
55,Male,142/89,72.8,23.9,63.0,never,0,0,0,Low
52,Male,148/88,111.5,26.8,81.0,former,0,1,0,Medium
71,Female,145/79,115.0,25.3,90.0,never,1,0,1,High
85,Male,158/77,109.5,33.2,71.0,never,0,0,1,High
63,Male,134/75,130.4,24.3,50.0,never,1,0,0,Medium
45,Male,124/76,93.9,30.9,67.0,never,0,0,0,Low
45,Female,150/94,131.9,22.4,81.0,never,1,0,0,Medium
46,Male,129/71,81.3,25.3,81.0,current,0,0,0,Low
73,Female,144/83,96.9,27.7,79.0,current,0,0,0,Medium
39,Male,151/91,91.9,33.1,81.0,former,0,1,0,Low
29,Female,146/67,82.3,27.6,81.0,current,0,1,0,Low
40,Male,131/86,114.2,26.2,88.0,current,0,1,0,Medium
19,Female,127/69,,,79.0,never,0,0,0,Low
25,Female,106/72,105.9,16.2,82.0,never,0,0,0,Low
24,Female,101/70,128.5,25.4,74.0,never,0,0,0,Low
70,Female,182/104,104.5,39.2,82.0,never,0,1,0,High
67,Female,166/95,136.1,30.5,69.0,former,1,1,0,High
65,Female,126/60,112.3,30.0,66.0,never,1,0,0,Low
49,Female,170/87,114.7,30.6,87.0,never,1,1,0,Medium
66,Male,153/88,102.8,33.8,74.0,never,0,0,0,Medium
28,Female,110/70,83.3,17.0,75.0,never,1,0,1,Low
79,Female,170/96,85.3,23.5,77.0,current,0,0,0,Medium
52,Female,135/86,100.3,29.3,66.0,never,0,0,1,Low
81,Male,164/95,89.5,28.1,71.0,never,0,1,1,Medium
28,Male,130/77,113.3,31.9,85.0,never,0,1,0,Medium
51,Female,138/68,82.7,26.9,76.0,never,0,0,0,Low
65,Male,139/78,146.4,21.0,54.0,former,0,0,0,Medium
51,Male,143/86,110.1,22.6,68.0,never,1,1,1,Medium
48,Male,126/69,84.2,16.0,84.0,never,0,1,0,Low
29,Male,119/79,65.5,25.0,68.0,never,0,0,1,Low
43,Male,133/86,151.8,26.7,60.0,current,1,0,0,Medium
34,Male,103/70,110.3,24.7,87.0,former,0,0,0,Low
38,Male,110/50,107.0,31.9,78.0,former,0,0,0,Medium
64,Male,168/83,115.9,35.0,72.0,former,1,1,0,High
60,Male,106/83,133.3,28.4,68.0,former,1,0,0,Medium
59,Female,147/81,71.5,19.5,79.0,never,0,1,0,Low
42,Male,123/62,127.0,30.2,67.0,never,0,0,0,Low
83,Female,170/101,134.9,34.0,83.0,never,0,0,1,High
23,Female,125/77,91.1,26.9,76.0,never,0,1,0,Low
41,Male,145/91,65.0,31.7,80.0,current,0,0,0,Low
26,Male,107/72,65.0,20.6,70.0,never,0,0,0,Low
41,Female,151/89,121.2,36.3,72.0,former,0,1,1,High
83,Female,181/99,157.7,27.2,86.0,current,1,1,0,High
42,Female,124/81,121.5,30.8,64.0,never,0,0,1,Medium
79,Female,163/106,75.6,23.5,61.0,current,0,0,0,Medium
51,Female,116/80,100.7,24.1,76.0,former,0,0,0,Low
65,Female,158/77,160.8,36.5,85.0,current,1,0,0,High
49,Male,141/85,68.7,26.9,,never,0,0,0,Low
36,Female,134/88,99.0,30.6,75.0,never,0,0,1,Low
69,Male,183/105,116.5,31.2,69.0,never,0,1,0,High
83,Female,159/86,110.7,31.0,79.0,never,0,1,0,High
35,Female,126/85,68.5,32.8,72.0,never,0,1,1,Medium
70,Male,155/94,128.1,29.1,73.0,current,1,1,1,High
35,Female,139/100,76.2,18.7,66.0,former,0,1,1,Low
66,Male,160/84,125.8,26.2,89.0,never,1,1,0,High
71,Female,164/87,129.3,32.8,57.0,never,1,1,0,High
48,Male,118/72,94.2,29.8,76.0,never,0,0,1,Low
68,Female,146/81,98.8,22.9,55.0,never,0,0,0,Medium
36,Male,113/66,97.2,23.5,75.0,current,0,0,0,Low
23,Female,126/58,103.3,22.9,66.0,never,1,0,1,Low
24,Female,148/82,78.3,24.0,51.0,never,0,0,0,Low
48,Female,129/81,92.7,21.8,73.0,former,0,0,0,Low
79,Female,154/83,76.4,28.3,68.0,never,0,0,1,Medium
26,Female,107/84,117.9,22.5,51.0,never,1,0,0,Low
48,Female,111/72,104.6,31.5,79.0,former,0,0,0,Low
65,Male,153/96,113.8,33.3,85.0,former,0,1,0,High
31,Female,129/80,107.7,25.6,90.0,current,0,1,0,Low
67,Male,123/82,96.3,28.1,74.0,former,1,0,0,Low
38,Female,145/86,65.0,,71.0,,0,0,1,Low
72,Male,145/93,111.2,26.7,83.0,former,0,0,1,Medium
57,Female,160/89,121.7,23.7,91.0,current,1,1,0,Medium
55,Female,143/87,125.3,24.5,80.0,former,1,1,0,Medium
30,Male,122/78,78.5,23.3,67.0,current,0,0,1,Low
49,Female,154/85,104.9,22.9,72.0,former,0,1,0,Low
76,Female,156/90,156.2,31.5,82.0,current,1,0,0,High
19,Female,121/91,123.8,28.4,55.0,never,1,0,0,Low
69,Female,151/84,95.4,23.0,74.0,former,0,1,0,Medium
51,Female,128/81,65.0,28.4,92.0,never,0,0,0,Low
66,Female,124/85,146.0,28.8,77.0,former,1,0,0,Medium
63,Male,117/82,156.1,31.0,85.0,former,1,0,0,High
47,Male,134/80,135.7,27.8,79.0,current,1,0,0,Medium
38,Male,143/66,69.9,20.5,74.0,current,0,1,0,Low
60,Female,133/83,109.7,23.5,73.0,never,0,1,0,Medium
27,Male,116/58,130.0,26.0,63.0,former,1,0,0,Medium
57,Female,140/92,163.6,33.5,64.0,former,1,0,0,High
24,Female,97/68,83.7,16.0,79.0,never,1,1,0,Low
62,Male,129/85,104.7,31.0,84.0,never,0,0,0,Medium
60,Female,163/84,126.6,34.6,64.0,never,0,1,0,Medium
23,Female,134/69,112.5,24.8,79.0,former,1,1,0,Low
69,Male,132/81,93.4,32.6,71.0,never,0,0,1,Medium
46,Male,152/86,126.7,24.6,79.0,current,1,1,0,Medium
71,Male,156/84,120.7,29.8,76.0,never,0,0,1,High
20,Male,123/77,,17.9,83.0,current,1,0,1,Low
